name,email,status,threadId,sentDate,followUpDate
270 Media,nwood@270media.com,followed_up,19f8f0d2bb62175e,2026-07-23,2026-07-30
61 Coconuts,fiji61coconuts@gmail.com,followed_up,19f8f262ca410f7e,2026-07-23,2026-07-30
"A and P Moving, Inc - Bekins",darcy@apmoving.com,followed_up,19f8f296074a0ed8,2026-07-23,2026-07-30
AAERO Heating & Sheetmetal Inc.,cmilano@aaeroheating.com,followed_up,19f8f2cfbc9906b4,2026-07-23,2026-07-30
Active Culture,allie@activeculturecafe.com,followed_up,19f8f315bf6fec12,2026-07-23,2026-07-30
Adobe Acrobat,cit46532@adobe.com,followed_up,19f8f34d23996bdc,2026-07-23,2026-07-30
Ag Community Events Farmers Markets,info@ilovefarmersmarkets.org,followed_up,19f8f39619466551,2026-07-23,2026-07-30
Alchemia,info@alchemia.org,followed_up,19f8f3bcb1dd30c5,2026-07-23,2026-07-30
Alders Financial Solutions,louis.batmale@lpl.com,followed_up,19f8f3ebb208d349,2026-07-23,2026-07-30
"Aldo Gigliotti, CPA",ajcpa@att.net,followed_up,19f8f42c0491a270,2026-07-23,2026-07-30
All California Mortgage - MJ Viglizzo,mjv@allcalifornia.com,responded,19f8f45cef5f46b8,2026-07-23,
"Alpha Wealth Management and Planning, LLC",andreij@alphawmp.com,followed_up,19f8f489a6f69451,2026-07-23,2026-07-30
America's Best Value Inn,novatoabvi@gmail.com,followed_up,19f8f4b60c1a65a0,2026-07-23,2026-07-30
American Cancer Society Discovery Shop,david.mattos@cancer.org,followed_up,19f8f4fa58b0aac9,2026-07-23,2026-07-30
Angel Patient Advocacy,angelnurseguide@gmail.com,followed_up,19f8f53721fb0fd0,2026-07-23,2026-07-30
Arnold Advocacy,colleen@arnoldadvocacy.com,followed_up,19f8f56d086330fa,2026-07-23,2026-07-30
"Ashe Cosgrove, Inc.",vance@ashecosgrove.com,followed_up,19f8ff528c5296db,2026-07-23,2026-07-30
"Asset Management Services, Inc.",louarnone@earthlink.net,followed_up,19f8ff81b2d8c6ac,2026-07-23,2026-07-30
ATCO Pest Control,richard@atcopestcontrol.com,followed_up,19f8ffbea5227770,2026-07-23,2026-07-30
"Athas and Associates Real Estate, Inc.",dathas@aol.com,followed_up,19f8fffd6f0294c3,2026-07-23,2026-07-30
Authentic's Barber Shop,authenticsbarbershop@gmail.com,followed_up,19f900279e45e1c4,2026-07-23,2026-07-30
Avila's Carpet Cleaning Inc.,julia@avilascarpetcleaning.com,followed_up,19f90049f3d79615,2026-07-23,2026-07-30
Avila's Construction Inc.,avilasconstruction1@gmail.com,followed_up,19f9008c407050c4,2026-07-23,2026-07-30
B12 LOVE,armando@b12love.com,followed_up,19f900b3f01e3fab,2026-07-23,2026-07-30
Bales Orthodontics,noffice@balesorthodontics.com,followed_up,19f900e831991aa3,2026-07-23,2026-07-30
Bank of Marin - Grant Avenue,kellyduenas@bankofmarin.com,followed_up,19f90120378ac88f,2026-07-23,2026-07-30
BBB serving the San Francisco Bay Area and Northern Coastal California,agalvan@bbbemail.org,responded,19f9015aeb061809,2026-07-23,2026-07-30
"Belfor Moving, Inc.",craigb@belformoving.com,followed_up,19f9019484623c0d,2026-07-23,2026-07-30
Bennetts Properties,gbenne@sbcglobal.net,followed_up,19f901b42f3838c8,2026-07-23,2026-07-30
Beso Bistro,berlin.michelle@gmail.com,followed_up,19f901fd8b822ef2,2026-07-23,2026-07-30
"Best Western PLUS, Novato Oaks Inn",ggrialou@reneson.com,followed_up,19f9023b8531269f,2026-07-23,2026-07-30
Big Cat Advertising,gayle@bigcatadvertising.com,followed_up,19f9525a9881bda9,2026-07-24,2026-07-31
Bill and Adele Jonas Center,mdurfee@marin.edu,followed_up,19f95291e2364a47,2026-07-24,2026-07-31
BMO Bank,edgar.deluna@bmo.com,followed_up,19f952b72836d105,2026-07-24,2026-07-31
Body Kinetics,michael@bodykineticsmarin.com,followed_up,19f952f64e499666,2026-07-24,2026-07-31
Boerio LLP,chuckb@boerio.com,followed_up,19f95319152e4349,2026-07-24,2026-07-31
BPM,bfinnegan@bpmllp.com,followed_up,19f9533bf9619247,2026-07-24,2026-07-31
"Brayton Purcell, LLP",jharwood@braytonlaw.com,followed_up,19f9536be24944da,2026-07-24,2026-07-31
Bregante + Company LLP,jbelingheri@bcocpa.com,followed_up,19f953ad584bb7d3,2026-07-24,2026-07-31
Brilliancy,k@kreativz.com,followed_up,19f953f2ee538bc7,2026-07-24,2026-07-31
Buddy's Autobody and Restoration,buddy@buddysautobodyrestoration.com,responded,19f95428d99d0f95,2026-07-24,2026-07-31
California Sunlight Corporation,bing.gu@california-sunlight.com,responded,19f954591a53f1fd,2026-07-24,
"Cameron, Coffey & Kaye Professional Corp",cameron@cckcorp.com,followed_up,19f9548713ba9b69,2026-07-24,2026-07-31
Carol Haber CPA,carol3100@comcast.net,followed_up,19f954ae58c51496,2026-07-24,2026-07-31
Carroceria Collision,elizabeth@carroceriac.com,followed_up,19f954e745e0054c,2026-07-24,2026-07-31
CaterMarin,catermarin@aol.com,followed_up,19f95528979ba0d1,2026-07-24,2026-07-31
Celebrations of Marin,info@celebrationsofmarin.com,followed_up,19f9a2cc4bf788f3,2026-07-25,2026-08-01
Center for Employment Opportunities,referralsmarin@ceoworks.org,followed_up,19f9a2f378bc62b7,2026-07-25,2026-08-01
Center Veterinary Clinic,cvcnovato@gmail.com,followed_up,19f9a31722bc4e86,2026-07-25,2026-08-01
Centric Signs,carla@centricsigns.com,followed_up,19f9a34c94e5a973,2026-07-25,2026-08-01
Cerity Partners,rlee@ceritypartners.com,followed_up,19f9a37b9140002a,2026-07-25,2026-08-01
Changing Seasons Novato,ingrid@changingseasonsnovato.com,followed_up,19f9a3b2ea8376a7,2026-07-25,2026-08-01
Channing's Way Massage,info@channingsway.com,followed_up,19f9a3f49597916b,2026-07-25,2026-08-01
Chick-fil-A,justin.bradley@cfafranchisee.com,followed_up,19f9a43b98558780,2026-07-25,2026-08-01
CHIPP,steven@chipp.cc,followed_up,19f9a45fd06293f4,2026-07-25,2026-08-01
"City Carpets, Carpet One Floor & Home",leigh@city-carpets.com,followed_up,19f9a4a04098f2f3,2026-07-25,2026-08-01
City of Novato,city@cityofnovato.org,followed_up,19f9a4c14d4dfe2b,2026-07-25,2026-08-01
Claire Slade Accounting & Bookkeeping Services,claireslade@comcast.net,followed_up,19f9a4f666123a57,2026-07-25,2026-08-01
Classic Culinaire,marcus@classicculinaire.com,followed_up,19f9a52ea95ea447,2026-07-25,2026-08-01
Classic Pipes Plumbing,classicpipesplumbing@gmail.com,followed_up,19f9a56a76cd2f2f,2026-07-25,2026-08-01
CMAC Construction LLC,ciaran@cmacbuild.com,followed_up,19f9a58f3525b4a8,2026-07-25,2026-08-01
Coldwell Banker Commercial and Residential - Anna Pennington-Boucher,anna.boucher@cbrealty.com,followed_up,19f9f5664469f851,2026-07-26,2026-08-02
Community Action Marin,calexandre@camarin.org,followed_up,19f9f592fd91af4f,2026-07-26,2026-08-02
Community First Credit Union,info@comfirstcu.org,followed_up,19f9f5b2a4a37847,2026-07-26,2026-08-02
Conservation Corps North Bay,apryor@ccnorthbay.org,responded,19f9f5d09753eb35,2026-07-26,2026-08-02
Core Wealth Partners,adam@corewealthpartners.com,responded,19f9f5fb9eddea57,2026-07-26,2026-08-02
Costco Novato,w141ps@costco.com,followed_up,19f9f6326bb61d23,2026-07-26,2026-08-02
Courtyard by Marriott,michael.vaccaro@marriott.com,followed_up,19f9f651535e69bd,2026-07-26,2026-08-02
Creekside Bakery,creeksidebakery1@yahoo.com,followed_up,19f9f694e4f3a4bb,2026-07-26,2026-08-02
Creekwood Senior Home,admin@creekwoodseniorhome.com,followed_up,19f9f6cf78f89aa9,2026-07-26,2026-08-02
Crimson Mercantile,info@crimsonmercantile.com,followed_up,19f9f6fe7ae7a24b,2026-07-26,2026-08-02
CTW Design Inc.,donb@ctwdesigns.com,followed_up,19f9f722faae0e10,2026-07-26,2026-08-02
Curtis Aikens inc,cgaikens@aol.com,followed_up,19f9f76669865902,2026-07-26,2026-08-02
"CWS Construction Group, INC",barbara@cwsconstructiongroup.com,followed_up,19f9f7987ecb8553,2026-07-26,2026-08-02
Daniel Spain Massage and Bodywork,dan@danthehealer.com,followed_up,19f9f7b9c31a547b,2026-07-26,2026-08-02
David Stompe Insurance Agency,david@stompeagency.com,responded,19f9f7e34c9d42cf,2026-07-26,
"Design Build Specialists, Inc.",mark@design-build-specialists.com,followed_up,19fa4a739f3052a5,2026-07-27,2026-08-03
Divine Design by Dhyanis,goddess@dhyanis.com,responded,19fa4aab7e1d79ed,2026-07-27,2026-08-03
Don Johnson's Pool & Spa,woody@djohnsonpools.com,followed_up,19fa4ae8fcf1fdbf,2026-07-27,2026-08-03
Downtown Novato Business Association,info@downtownnovato.com,responded,19fa4b13bf2f2606,2026-07-27,2026-08-03
Dr kens acupuncture chiropractic and herbs,chiropalm@yahoo.com,followed_up,19fa4b5567ef5c89,2026-07-27,2026-08-03
Dr. Insomniac's Coffee & Tea,doctorcoffee@comcast.net,followed_up,19fa4b7bdeb1cbec,2026-07-27,2026-08-03
Dynamic Wraps & Graphics LLC,dynwraps@gmail.com,followed_up,19fa4b9fb7df5007,2026-07-27,2026-08-03
Eckerstrom Productions,information@eckerstromproductions.com,followed_up,19fa4be527273ea1,2026-07-27,2026-08-03
Eckhart Corporation,ryan.friman@solanova.com,followed_up,19fa4c0a69607072,2026-07-27,2026-08-03
Edward Jones - Jen Marshall,jen.marshall@edwardjones.com,followed_up,19fa4c522703d4cf,2026-07-27,2026-08-03
Edward Jones - John Tornes,john.tornes@edwardjones.com,followed_up,19fa4c92d472d128,2026-07-27,2026-08-03
Elevated Comfort,info@goelevatedcomfort.com,followed_up,19fa4cb66231462d,2026-07-27,2026-08-03
Embarc,jlewis@goembarc.com,responded,19fa4cd90af8b3d8,2026-07-27,2026-08-03
Epstein Holtzapple Christo,erika@ehc.law,followed_up,19fa4d18f6882b8c,2026-07-27,2026-08-03
"Eric Lucan, Marin County Supervisor",eric.lucan@marincounty.gov,responded,19fa4d4aad40295b,2026-07-27,
Esmaeil Lorestany,esmaeil@myallybroker.com,followed_up,19fa9be1aee917ad,2026-07-28,2026-08-05
EV Roadway Inc.,tsalyers@evroadway.com,followed_up,19fa9c2aaff41b33,2026-07-28,2026-08-05
Extreme Pizza,shep@extremepizza.com,responded,19fa9c558ec21751,2026-07-28,2026-08-05
F45 Training Novato,novato@f45training.com,followed_up,19fa9c85770e468e,2026-07-28,2026-08-05
Farmhouse Artisan Market,info@farmhouse.delivery,followed_up,19fa9cab1c809261,2026-07-28,2026-08-05
Find A Way Construction,find.a.way@icloud.com,followed_up,19fa9cdb37da6456,2026-07-28,2026-08-05
FindMyWebSite.com | (SEO) Search Engine Optimization,info@findmywebsite.com,responded,19fa9d17cb052dad,2026-07-28,
FinFitLife,patty.abundantlife@gmail.com,followed_up,19fa9d562feebd32,2026-07-28,2026-08-05
Finnegan's Marin Restaurant & Bar,finnegansmarin@gmail.com,followed_up,19fa9d78da5f54a3,2026-07-28,2026-08-05
First Federal of San Rafael,rderamon@ffsavings.com,followed_up,19fa9d9ff5640bcc,2026-07-28,2026-08-05
FITLAB Strong,gm@fitlabstrong.com,followed_up,19fa9dc061e16f1f,2026-07-28,2026-08-05
Flipside Thrift/United Cerebral Palsy of the North Bay,info@ucpnb.org,followed_up,19fa9df1f1d89fb0,2026-07-28,2026-08-05
Flour Chylde Bakery,flourchyld@msn.com,responded,19fa9e1e1f663c76,2026-07-28,
Forks & Fingers,info@forksandfingers.com,followed_up,19fa9e6552a01677,2026-07-28,2026-08-05
Fox Pizza,thefoxmarin@gmail.com,followed_up,19fa9eab3416d672,2026-07-28,2026-08-05
Friedlander Cherwon Capper,mike@fcccpas.com,followed_up,19faed79fd270808,2026-07-29,2026-08-05
Friends of the Marin County Library - The Book Place,barbaramadrid@comcast.net,responded,19faed98bc4cf3f4,2026-07-29,2026-08-05
Fuhgeddaboutit Junk Removal,fuhgeddaboutitjunkremoval@gmail.com,followed_up,19faedb77fe643e8,2026-07-29,2026-08-05
Gayla R. Probert,gpro2201@gmail.com,followed_up,19faedf0e4898d67,2026-07-29,2026-08-05
Ghirardo CPA,jerry@ghirardocpa.com,followed_up,19faee2b9c53bd30,2026-07-29,2026-08-05
Gilead House,carries@gileadhouse.org,followed_up,19faee5bbb68a708,2026-07-29,2026-08-05
Good Dragon Tang Soo Do,gooddragontsd@gmail.com,responded,19faeea17de2ed4d,2026-07-29,
Green Fireplace Solutions/RoofMaxx,greenfireplacemarin@gmail.com,followed_up,19faeec7d127ec0c,2026-07-29,2026-08-05
"Green Organic Cleaning Construction Clean Up, Inc.",yessica@greencleaningbayarea.com,responded,19faef0e8cf3116a,2026-07-29,
H & J Tire,hjtire@hotmail.com,followed_up,19faef55f4629468,2026-07-29,2026-08-05
Habu Tri-Tip,patty67c@mac.com,followed_up,19faef7a2eacc229,2026-07-29,2026-08-05
Haiti On The Rise,info@haitiontherise.org,followed_up,19faefbdaefa1385,2026-07-29,2026-08-05
Hamilton Landing Property Management (CBRE),annie.littler@cbre.com,followed_up,19faf0009410685d,2026-07-29,2026-08-05
Hamilton Marketplace,angela.rezab@jll.com,responded,19faf04554a40d45,2026-07-29,
Harvest Eco-Salvage,laurel@harvestmarin.org,responded,19faf08e2484a478,2026-07-29,
Heart of Humanity Home Health Care,intake@heartofhumanity.com,followed_up,19fb46ca46f40e50,2026-07-30,2026-08-07
Heffernan Insurance Brokers,deanneg@heffins.com,followed_up,19fb470ceb3855d1,2026-07-30,2026-08-07
Heirloom Storage,pdaniels@houseofdanielsinc.com,followed_up,19fb472e7302e90f,2026-07-30,2026-08-07
Henhouse Brewing Company,info@fphh.beer,responded,19fb475d918b7b4b,2026-07-30,2026-08-07
Hennessy Funds,neil@hennessyfunds.com,followed_up,19fb47867c06de88,2026-07-30,2026-08-07
Henry Hautau - Compass,henry.hautau@compass.com,followed_up,19fb47a5ede35c6e,2026-07-30,2026-08-07
Hohm Pantry,hohmpantry@gmail.com,followed_up,19fb47ddcd760239,2026-07-30,2026-08-07
Homeward Bound of Marin,info@hbofm.org,responded,19fb482132849990,2026-07-30,
HopMonk Tavern,kcrow@hopmonk.com,responded,19fb484e1d57cc6d,2026-07-30,2026-08-07
Hummingbirds Collaborative School,director@hummingbirdsschool.org,followed_up,19fb48848513a6a7,2026-07-30,2026-08-07
Hydroflow,hydroflowsf@gmail.com,followed_up,19fb48ca3d8a980f,2026-07-30,2026-08-07
Image Tree Pros,stuart.hupp@imagetreepros.com,responded,19fb48ff81a3ad5a,2026-07-30,2026-08-07
Indian Valley Golf Club,golf@ivgc.com,followed_up,19fb493e367a1071,2026-07-30,2026-08-07
"Inner Healing Wisdom Acupuncture & Integrative Wellness - Lauren Sugarman, L.Ac.",lauren@innerhealingwisdom.com,followed_up,19fb49694dedd9cb,2026-07-30,2026-08-07
Inszone Insurance,marketingsupport@inszoneins.com,followed_up,19fb4996f8d77627,2026-07-30,2026-08-07
Integral Self-Discovery,integralselfdiscovery@gmail.com,followed_up,19fb95f94ee00cc7,2026-07-31,2026-08-07
"Intelletrace, Inc.",accounting@intelletrace.com,followed_up,19fb9636202cf50c,2026-07-31,2026-08-07
Isagenix - Imee Birkett,livewell@imeebirkett.com,followed_up,19fb967dfd418546,2026-07-31,2026-08-07
Jannisse & Hull Certified Public Accountants,tamara@jannissehull.com,followed_up,19fb96b8b0247127,2026-07-31,2026-08-07
Jazzercise Novato,jazzercisenovato@gmail.com,followed_up,19fb96de5f0748e2,2026-07-31,2026-08-07
Jeff Parker Screen Printing,jpscreenprints@aol.com,responded,19fb971052b2de8d,2026-07-31,2026-08-07
"Jerry D. Schultz, Notary Public",portableparty@earthlink.net,followed_up,19fb97312a6a80fd,2026-07-31,2026-08-07
JillLublin.com,jill@jilllublin.com,followed_up,19fb97528a25f7cc,2026-07-31,2026-08-07
Johnson Engineering,budjohnson@johnsonengr.com,followed_up,19fb97951db85c0f,2026-07-31,2026-08-07
Johnstone Digital Solutions LLC,barbara@johnstonedigitalsolutions.com,followed_up,19fb97c585f93be8,2026-07-31,2026-08-07
Karuna Corporation,tknash@karunahealth.com,followed_up,19fb980d9ff1dd10,2026-07-31,2026-08-07
Katie Chase Insurance and Financial Services Inc.,katie@katiechase.com,followed_up,19fb984db06ce6db,2026-07-31,2026-08-07
Kearney Real Estate Group,kevin@kearneyrealestategroup.com,followed_up,19fb9889c6d9d660,2026-07-31,2026-08-07
"Keith Wheeler, Financial Advisor, Alpha Wealth Management and Planning",keith@alphawmp.com,followed_up,19fb98bfcac06231,2026-07-31,2026-08-07
Kelly's Appliance Center,kellysappliance@gmail.com,followed_up,19fb9902dfb20286,2026-07-31,2026-08-07
Ketron Financial LLC,courtenay@rketron.com,followed_up,19fbe6de253f3562,2026-08-01,2026-08-08
Kiosk,accounts@kiosk.tm,followed_up,19fbe6ffdf1b682a,2026-08-01,2026-08-08
Kyle Frazier | Imagine Marin | Compass,kyle@imaginemarin.com,followed_up,19fbe733556f1206,2026-08-01,2026-08-08
Leveling Up/Thrive Alliance inc.,michelle@levelingupwithmichelle.com,followed_up,19fbe75b93a95b96,2026-08-01,2026-08-08
Light Within. LLC,jannie@lightwithinyou.net,followed_up,19fbe79081ed5fb5,2026-08-01,2026-08-08
"LilyPad Senior, Assisted Living Advisors",owners@lilypadsenior.com,followed_up,19fbe7d4fe950baa,2026-08-01,2026-08-08
LITA (Love Is The Answer),jsequeira@litamarin.org,followed_up,19fbe8143934cd1a,2026-08-01,2026-08-08
Love2Dance,info@love2dance.biz,followed_up,19fbe851996bd716,2026-08-01,2026-08-08
Made Local Marketplace,info@madelocalmarketplace.com,followed_up,19fbe896b98d76d5,2026-08-01,2026-08-08
Make It Home,carolyn@makeithomebayarea.org,followed_up,19fbe8c4e01a8e0c,2026-08-01,2026-08-08
Manny's Tacos,manuel3molina@gmail.com,followed_up,19fbe8fd940ee782,2026-08-01,2026-08-08
ManyLeads,jeff@manyleads.com,followed_up,19fbe9213657dfc6,2026-08-01,2026-08-08
Marie Borders Inc. - Realtor,marie@marinsfinest.com,followed_up,19fbe946a9dabd56,2026-08-01,2026-08-08
Marin Builders Association,mba@marinbuilders.com,followed_up,19fbe98477f5b8ca,2026-08-01,2026-08-08
Marin Carpet One,stephanie@47thplace.net,followed_up,19fbe9b09e447bcb,2026-08-01,2026-08-08
Marin Charitable,info@marincharitable.org,followed_up,19fc388341f313e7,2026-08-02,2026-08-09
Marin Christian Academy,cm@marinchristian.org,followed_up,19fc38a49d33103a,2026-08-02,2026-08-09
Marin Color Service,info@marincolor.com,followed_up,19fc38e908395d90,2026-08-02,2026-08-09
Marin Community Clinics,info@marinclinics.org,followed_up,19fc3914717cba29,2026-08-02,2026-08-09
Marin Country Club,mccinfo@marincountryclub.com,followed_up,19fc3937baa42352,2026-08-02,2026-08-09
Marin County Federal Credit Union,ecallaghan@marincu.org,followed_up,19fc396cc8bd1409,2026-08-02,2026-08-09
Marin County Ford,donna.rinaldi@marincountyford.com,followed_up,19fc39a7b7ff6779,2026-08-02,2026-08-09
Marin Glow House,amy.strickling@gmail.com,followed_up,19fc39ecdc731ac2,2026-08-02,2026-08-09
Marin Humane,nmckenney@marinhumane.org,followed_up,19fc3a253afaa43f,2026-08-02,2026-08-09
Marin Independent Journal,rdevincenzi@marinij.com,followed_up,19fc3a58cf1b0783,2026-08-02,2026-08-09
Marin Roto Rooter,mendy@marin-rotorooter.com,followed_up,19fc3a7cf83e8077,2026-08-02,2026-08-09
Marin SBDC,miriam@marinsbdc.org,followed_up,19fc3ac02a9d7cf4,2026-08-02,2026-08-09
Marin Sonoma Employers Advisory Council,csbl@msn.com,followed_up,19fc3aefb053aa03,2026-08-02,2026-08-09
Mark Adams - Realtor®.   Berkshire Hathaway Home Services,mark.adams@bhhsdrysdale.com,followed_up,19fc3b37c731dcee,2026-08-02,2026-08-09
Mary Kay Cosmetics - Patsy Fleisch,patsyfleisch@yahoo.com,followed_up,19fc3b7af31e3ff3,2026-08-02,2026-08-09
Mason-McDuffie Mortgage - Jodi Fischer,jfischer@masonmac.com,followed_up,19fc8e6730af1fed,2026-08-03,2026-08-10
"Matthew Larrabure, CFP® with The FPI Group - RBC Wealth Management",matthew.larrabure@rbc.com,followed_up,19fc8e8865e7d362,2026-08-03,2026-08-10
Mayan Climber Tree Service Inc.,pech@mayanclimber.com,followed_up,19fc8ea9ee4627b1,2026-08-03,2026-08-10
MCE,business@mcecleanenergy.org,responded,19fc8ee45fcb189b,2026-08-03,
Mercy Wellness / The Lounge at Mercy,info@mercywellness.com,followed_up,19fc8f17999d34c2,2026-08-03,2026-08-10
Mi Pueblo Mexican Restaurant,dbeatriz800@gmail.com,followed_up,19fc8f38ffdede9f,2026-08-03,2026-08-10
Miann Builder,miannbuilds@gmail.com,followed_up,19fc8f63f3578bc0,2026-08-03,2026-08-10
MindShift Potentials,susannah@mindshiftpotentials.com,responded,19fc8f9c60482226,2026-08-03,
"Mirela's Insurance Services, LLC- Silvia Mirela Weems",silviaweems65@gmail.com,followed_up,19fc8fda12061982,2026-08-03,2026-08-10
Miss Sandie's School,khgrady@yahoo.com,followed_up,19fc8ffdaf6dd1d9,2026-08-03,2026-08-10
Moonstone Skincare,susannah@moonstoneskincare.com,responded,19fc90259b0a6298,2026-08-03,2026-08-10
Moore Wealth Management & Financial Planning,cyndi@cynthianowickimoore.com,followed_up,19fc90534617ca38,2026-08-03,2026-08-10
Moving Past Grief by Dhyanis,goddess@dhyanis.com,followed_up,19fc9099e7d244d9,2026-08-03,2026-08-10
MTR Event Design,marie@mtreventdesign.com,followed_up,19fc90d5b5b067d9,2026-08-03,2026-08-10
Mutual of Omaha Mortgage,hrassouli@mutualmortgage.com,followed_up,19fc90fe1816ee17,2026-08-03,2026-08-10
Myriam Martinez Coaching,myriam@myriammartinezcoaching.com,followed_up,19fd344ba38b35b3,2026-08-05,2026-08-12
Nadsto Stone LLC,mo@nadsto.com,followed_up,19fd346abca93ff3,2026-08-05,2026-08-12
Nagy Property Services,nagypropservices@gmail.com,followed_up,19fd34adb1faf276,2026-08-05,2026-08-12
Nativity of Christ Greek Orthodox Church,office@nativityofchrist.org,followed_up,19fd34eb0472f112,2026-08-05,2026-08-12
Nave Motors,navemotors@yahoo.com,followed_up,19fd3516a4c4a94d,2026-08-05,2026-08-12
New York Life - Carlos Aguerrebere,caguerrebere@ft.newyorklife.com,followed_up,19fd354952633fd8,2026-08-05,2026-08-12
New York Life - Jon Hartman,jchartman@ft.newyorklife.com,followed_up,19fd3574b02ad54f,2026-08-05,2026-08-12
New York Life Insurance Company - Greg Scharich CA Insurance Lic #4059647,gmscharich@ft.newyorklife.com,followed_up,19fd35a28695710f,2026-08-05,2026-08-12
Nicole Granucci  Marketing Consulting,ngranucci.consulting@gmail.com,followed_up,19fd35eada6d54f8,2026-08-05,2026-08-12
Nilda's Cleaning Services,nildanurse@hotmail.com,followed_up,19fd362135876909,2026-08-05,2026-08-12
North Bay Children's Center,sgilmore@nbcc.net,followed_up,19fd365d75dbe4ce,2026-08-05,2026-08-12
North Marin Community Services,cpaddack@northmarincs.org,followed_up,19fd36a67d27f3bd,2026-08-05,2026-08-12
North Marin Water District,info@nmwd.com,followed_up,19fd36d8eccb631c,2026-08-05,2026-08-12
Northbay Business Connections,david@stompeagency.com,responded,19fd36f8003a5881,2026-08-05,2026-08-12
Northbay Family Homes,clark@nfh.org,followed_up,19fd372ee78b3fc0,2026-08-05,2026-08-12
Northbay Local,info@northbaylocal.co,followed_up,19fdd78d24d25ca2,2026-08-07,2026-08-14
Nothing Bundt Cakes,jim.greene@nothingbundtcakes.com,followed_up,19fdd7aeee17517f,2026-08-07,2026-08-14
Novato Chamber of Commerce,info@novatochamber.com,followed_up,19fdd7f3e4f67473,2026-08-07,2026-08-14
Novato Community Hospital,pocockr@sutterhealth.org,followed_up,19fdd82d49df3481,2026-08-07,2026-08-14
Novato Druids Grove 113,mread1834@aol.com,followed_up,19fdd84e1968e1ee,2026-08-07,2026-08-14
Novato Fire Foundation,jdicochea@novatofire.org,followed_up,19fdd874e052fe88,2026-08-07,2026-08-14
Novato Fire Protection District,dpeters@novatofire.org,followed_up,19fdd8aa286daf5e,2026-08-07,2026-08-14
"Novato Fourth of July Parade Committee, Inc.",jenlfinger@comcast.net,responded,19fdd8d9c85b644a,2026-08-07,2026-08-14
"Novato Glass, Inc.",novatoglass@gmail.com,followed_up,19fdd90db49405e0,2026-08-07,2026-08-14
Novato Historical Guild,info@novatohistory.org,followed_up,19fdd9458c2a766f,2026-08-07,2026-08-14
Novato Insurance Agency Inc.,ashleyserrano@allstate.com,followed_up,19fdd96b3afe0b2f,2026-08-07,2026-08-14
Novato Mayor Pro Tem,kevinjacobs@comcast.net,followed_up,19fdd98b89221039,2026-08-07,2026-08-14
Novato Sanitary District,sandeepk@novatosan.com,followed_up,19fdd9b2c3b19e4e,2026-08-07,2026-08-14
Novato Self Storage®,info@novatoselfstorage.com,followed_up,19fdd9dba3d4f20b,2026-08-07,2026-08-14
Novato Unified School District,info@nusd.org,followed_up,19fdd9ffe841b549,2026-08-07,2026-08-14
"NRP Artworks, Llc",nathan@nrpartworks.com,followed_up,19fe25fb99f77189,2026-08-08,2026-08-15
Nugget Markets,kate.stille@nuggetmarket.com,followed_up,19fe263ee1ee4221,2026-08-08,2026-08-15
Odoo Inc.,ritru@odoo.com,followed_up,19fe2684fd935fb0,2026-08-08,2026-08-15
"Old Town Glass, Inc",john.pope@otglass.com,followed_up,19fe26ab94fbc5d4,2026-08-08,2026-08-15
"Orbis Payment Services, Inc.",wisetta@orbisps.com,followed_up,19fe26eda2d849c0,2026-08-08,2026-08-15
Organic Cleaning Supreme,info@organiccleaningsupreme.com,followed_up,19fe2717e4348302,2026-08-08,2026-08-15
Organize It,keren@organizeitsf.com,responded,19fe275e7ce1b8b4,2026-08-08,2026-08-15
Organizing by Aimee LaCasse,aimee@aimeelacasse.com,followed_up,19fe2785fce5b062,2026-08-08,2026-08-15
Our Lady of Loretto Church and School,frtony@ollnovato.org,followed_up,19fe27c4d1f77b08,2026-08-08,2026-08-15
Pacheco Ranch Winery,deb@pachecoranchwinery.com,followed_up,19fe2805ea99261b,2026-08-08,2026-08-15
Palisades Music School,jy@palisadesmusicschool.com,followed_up,19fe284295008442,2026-08-08,2026-08-15
Pastry by Rosie,pastrybyrosie@gmail.com,followed_up,19fe28623bea3c0b,2026-08-08,2026-08-15
Patelco Credit Union,aochang@patelco.org,followed_up,19fe2882173bd229,2026-08-08,2026-08-15
PDI Surgery Center,info@pdisurgerycenter.org,followed_up,19fe28af8311ab95,2026-08-08,2026-08-15
Perry's Novato,aldy@perryssf.com,followed_up,19fe28ea748e4fb9,2026-08-08,2026-08-15
"Peter Levi Plumbing, Heating, Cooling and Drains",office@callpeterlevi.com,followed_up,19fe78dbaa00c714,2026-08-09,2026-08-16
Pini Hardware Inc,tyoung@piniacehardware.com,followed_up,19fe78ff1352e38a,2026-08-09,2026-08-16
Poppy Bank,ncartwright@poppy.bank,followed_up,19fe7943d5a5642c,2026-08-09,2026-08-16
"PRANDI Property Management, Inc., CRMC",melissa@prandiprop.com,followed_up,19fe79766f2059f8,2026-08-09,2026-08-16
Presbyterian Church of Novato,pcnadmin@pcnovato.org,followed_up,19fe79a049658535,2026-08-09,2026-08-16
Primerica - Michelle Martin,michelleroxanne.martin@primerica.com,followed_up,19fe79c092d9f3f3,2026-08-09,2026-08-16
Prismic Photography LLC,matts@prismic-photography.com,followed_up,19fe79fe1f37c89e,2026-08-09,2026-08-16
Professional Computer Concepts,leo@calpcc.com,followed_up,19fe7a2583e9f229,2026-08-09,2026-08-16
Proforma Marketing Solutions,brian.thomas@proforma.com,followed_up,19fe7a49bdbe9c62,2026-08-09,2026-08-16
ProMortgage - Lindsay Moon,lindsay@promortgage.com,responded,19fe7a71f61fbd42,2026-08-09,
Rabbit Jumps LLC,jsanchezrabbitjumps@gmail.com,followed_up,19fe7aba40342cc9,2026-08-09,2026-08-16
Recology Sonoma-Marin,cfurber@recology.com,responded,19fe7adbdd930b49,2026-08-09,2026-08-16
Redwood Credit Union,rlind@redwoodcu.org,followed_up,19fe7afcad064eaf,2026-08-09,2026-08-16
Refine Dance Collective,info@refinedancecollective.com,followed_up,19fe7b2a48b88d2e,2026-08-09,2026-08-16
"Regina Bianucci Rus, CPA",regina@rbrcpa.com,followed_up,19fe7b6b8a836b9a,2026-08-09,2026-08-16
Rempe Construction,info@rempe.com,followed_up,19fecbbbffceb450,2026-08-10,2026-08-17
Residence Inn by Marriott Novato,ddobley@tharaldson.com,followed_up,19fecbf6160fc7b6,2026-08-10,2026-08-17
Restoration Bodycare,lisa@restorationbodycare.com,followed_up,19fecc2d86e26a33,2026-08-10,2026-08-17
Reuscher Financial Group,advisor@reuscher.com,followed_up,19fecc7057867971,2026-08-10,2026-08-17
"Rice-Bishop Insurance Services, LLC",meredith@ricebishopins.com,responded,19feccadf0b891a6,2026-08-10,
RO Living Water,rolivingwater@gmail.com,followed_up,19feccdd3446bb6c,2026-08-10,2026-08-17
"ROIC California, LLC",fbusalacchi@roireit.net,followed_up,19fecd140dc3dc97,2026-08-10,2026-08-17
Rotary Club of Novato,lynnldawson@comcast.net,followed_up,19fecd420e19c08d,2026-08-10,2026-08-17
Rotary Club of Novato Evening,rotary415@gmail.com,followed_up,19fecd6053bb1685,2026-08-10,2026-08-17
Royce Printing,sue@royceprinting.com,responded,19fecd9ed8de36d4,2026-08-10,2026-08-17
Rush Injury Law,jr@rushinjurylaw.com,followed_up,19fecdcce31f45a9,2026-08-10,2026-08-17
Safety Training Seminars,charles@safetytrainingseminars.com,followed_up,19fece0a1c59c6ac,2026-08-10,2026-08-17
Salt Payroll LLC,shannon.ruhland@salt-payroll.com,followed_up,19fece46be95e877,2026-08-10,2026-08-17
School Fuel,schoolfuel@gmail.com,followed_up,19fece8180208e22,2026-08-10,2026-08-17
School Of Rock San Rafael,hriley@schoolofrock.com,followed_up,19feceb247392017,2026-08-10,2026-08-17
Schultz Entertainment Experience,jerry@djjerryschultz.com,followed_up,19ff1bb3ed65238a,2026-08-11,2026-08-18
Scott Technology Group,dscott@scottsoffice.com,followed_up,19ff1bf6f5c4873e,2026-08-11,2026-08-18
SF CARD,brian@sfcard.org,followed_up,19ff1c1a2cbeba77,2026-08-11,2026-08-18
Sheehan Chiropractic,sheehanchiropractic@gmail.com,followed_up,19ff1c61c2616a43,2026-08-11,2026-08-18
Shell's Belles,shellsbelles@comcast.net,responded,19ff1c8bf75d41a4,2026-08-11,
Six Feet Apart Productions,sixfeetapartproductions@gmail.com,followed_up,19ff1cc883257174,2026-08-11,2026-08-18
Solar Broker Networks,deenavaughnsbn@gmail.com,followed_up,19ff1cf3e1d59aa8,2026-08-11,2026-08-18
SOMA Hypnotherapy,brit@somahypnotherapy.com,followed_up,19ff1d196ccad412,2026-08-11,2026-08-18
Sonoma Marin Area Rail Transit (SMART),customerservice@sonomamarintrain.org,responded,19ff1d4cb44cf819,2026-08-11,
Soroptimist International of Novato,sinovato@soroptimist.net,followed_up,19ff1d7498d4693b,2026-08-11,2026-08-18
South Novato Living,pyu@bestversionmedia.com,followed_up,19ff1db81b1c7a0c,2026-08-11,2026-08-18
Sparkle Foundation Inc.,samantha@sparklenow.org,responded,19ff1df76ae3c671,2026-08-11,2026-08-18
Spina Insurance Agency,cspina@farmersagent.com,followed_up,19ff1e3e6f6aee8c,2026-08-11,2026-08-18
Stanley Steemer,gina.belforte@steemer.com,responded,19ff1e6e7b99c030,2026-08-11,2026-08-18
Staples,cc0944@staplescopycenter.com,followed_up,19ff1e8e7968378d,2026-08-11,2026-08-18
Star Bright Cleaning and Janitorial Services,info@sbcleaningsllc.com,followed_up,19ff70b19d4e8589,2026-08-12,2026-08-19
"Stillwater Builders, Inc.",jay@stillwatergbc.net,followed_up,19ff70dd9a8e2ddb,2026-08-12,2026-08-19
Stonesthrow Consulting,elizabeth@stonesthrowweb.com,followed_up,19ff7121c1824604,2026-08-12,2026-08-19
Stretchlab Novato,novato@stretchlab.com,followed_up,19ff714590fc6006,2026-08-12,2026-08-19
Studio 4 Art LLC,studio4artmarin@gmail.com,followed_up,19ff717c87df6aec,2026-08-12,2026-08-19
Summer Winds Nursery,elizabethe@summerwinds.net,followed_up,19ff71b50e402ea1,2026-08-12,2026-08-19
Suncrest Hospice,lgarbarino@suncrestcare.com,followed_up,19ff71fc1cb45407,2026-08-12,2026-08-19
Sutter Instrument,info@sutter.com,followed_up,19ff72288a0c6c2e,2026-08-12,2026-08-19
Sweet Summer Spa,sweetsummerspa@gmail.com,followed_up,19ff724f0666014a,2026-08-12,2026-08-19
Sweet Treat Marin,sweettreatmarin@gmail.com,followed_up,19ff72801d8955bd,2026-08-12,2026-08-19
"Tamalpa Runners Club, Inc.",vp@tamalparunners.org,responded,19ff72b5d3d7bfd0,2026-08-12,
Tashjian Insurance Services,hello@tashjianinsuranceservices.com,responded,19ff72da5a3e9b54,2026-08-12,
Tech with Drake,drake@techwithdrake.com,followed_up,19ff7312586bd0ef,2026-08-12,2026-08-19
Teriyaki Madness,cindy@marinfoodgroup.com,followed_up,19ff73587b33fbb9,2026-08-12,2026-08-19
The Bay Fitness,support@thebayfitness.com,followed_up,19ff737edb66d835,2026-08-12,2026-08-19
The Game Fortress,sean@thegamefortress.store,followed_up,19ffc05a2ebeb767,2026-08-13,2026-08-20
The GreensKeeper,jackie@the-greenskeeper.com,followed_up,19ffc0a109be0735,2026-08-13,2026-08-20
The Hills Church Novato,kevin.mahaffy@hillsonline.org,followed_up,19ffc0d46c64038b,2026-08-13,2026-08-20
"The Home Doctors, Inc.",craig@homedoctors.com,followed_up,19ffc106de5d4166,2026-08-13,2026-08-20
The Quest,matt@questnovato.com,followed_up,19ffc13b55a443bd,2026-08-13,2026-08-20
The Village Italian Restaurant,info@thevillageitalianrestaurant.com,followed_up,19ffc15ba22190d8,2026-08-13,2026-08-20
Thompson Builders Corp.,pault@tbcorp.com,followed_up,19ffc19b1d8e3073,2026-08-13,2026-08-20
Tint World,jerry.liang@tintworld.com,followed_up,19ffc1c4707a8562,2026-08-13,2026-08-20
Toast Restaurant,info@toastnovato.com,followed_up,19ffc1ec9b16d8dd,2026-08-13,2026-08-20
Tommy's Salsa,sharon@tommyssalsa.com,followed_up,19ffc21d1df9b705,2026-08-13,2026-08-20
Top Speed Data Communications,aris@topspeeddata.com,followed_up,19ffc246cfafc581,2026-08-13,2026-08-20
TOPO Chiropractic,hello@topochiro.com,followed_up,19ffc2833c17b2d6,2026-08-13,2026-08-20
Town Hall Public Affairs,ross@townhallpa.com,followed_up,19ffc2c272173470,2026-08-13,2026-08-20
Transcendence Theatre Company,info@ttcsonoma.org,followed_up,19ffc2f803b5eb84,2026-08-13,2026-08-20
Travis Remodeling,travis@travisremodeling.com,followed_up,19ffc3164d193e6f,2026-08-13,2026-08-20
Trek Winery/Pods Brews,liz@trekwines.com,sent,1a00159d12d7e733,2026-08-14,
Twenty Five Company,fay@twentyfivecompany.com,sent,1a0015d842369b77,2026-08-14,
Two Men And A Truck Novato,info0705@twomen.com,sent,1a00162176a2c192,2026-08-14,
UBEO Business Services,lseavey@ubeo.com,sent,1a001662fc234b59,2026-08-14,
"Ultragenyx Pharmaceutical, Inc.",info@ultragenyx.com,sent,1a001685b360f9bb,2026-08-14,
Unity In Marin,lacey@unityinmarin.org,sent,1a0016a7065c8a8e,2026-08-14,
Valley Memorial Park Cemetery and Funeral Home,leia@valleymemorialpark.com,sent,1a0016d7050810cc,2026-08-14,
Valley Oak Wealth Management - Financial Advisors,tim@valleyoakwm.com,responded,1a0017051d30282d,2026-08-14,
"Veolia Water West Operating Services, Inc.",derek.dill@veolia.com,sent,1a00173ebc52c81e,2026-08-14,
Vero West,admin@vero-west.com,sent,1a00176fff3ef92a,2026-08-14,
Veterans of Foreign Wars Post 7816,info@novatovfw.org,sent,1a0017b2aeb040c8,2026-08-14,
Vinny G's Pizza and Cocktails,contact@vinnygspizza.com,sent,1a0017e03c0900d7,2026-08-14,
Vintage Oaks at Novato,kdeochoa@crosspointrealty.com,responded,1a00180eeba76a1c,2026-08-14,
"W. Bradley Electric, Inc.",rgreenwood@wbeinc.com,sent,1a00183ade0b9fcc,2026-08-14,
Wealth Enhancement Group Novato,lmaclean@wealthenhancement.com,sent,1a001864ff322fb3,2026-08-14,
Westamerica Bank - Redwood Blvd.,novatobranch@westamerica.com,sent,1a00662a92bb896a,2026-08-15,
Whole Foods Market,chris.farrar@wholefoods.com,sent,1a0066586a199754,2026-08-15,
Wild Birds Unlimited,wbunovato@gmail.com,sent,1a006687e58ebc0b,2026-08-15,
Winans Investments,ken@winansintl.com,sent,1a0066c3a2237f13,2026-08-15,
"WM Redwood Landfill, Inc.",jharri76@wm.com,sent,1a0066f29c018d90,2026-08-15,
X˙CORE Studio Novato,xcoremarin@gmail.com,sent,1a00671907707572,2026-08-15,
Yappy Social Club & Ulti-Mutt Dog Resort,yappysocialclub@gmail.com,sent,1a006737083b4949,2026-08-15,
ZDDD Investments - Mobile Notary Public,michaeldrumm1@gmail.com,sent,1a00675c52580858,2026-08-15,
ZenBusiness,outreach@zenbusiness.com,sent,1a006785fa41f21b,2026-08-15,
Zenni Optical,service@zennioptical.com,sent,1a0067c235d8a1c9,2026-08-15,
