Community First Credit Union	info@comfirstcu.org
Henhouse Brewing Company	info@fphh.beer
Marin County Ford	donna.rinaldi@marincountyford.com
PDI Surgery Center	info@pdisurgerycenter.org
RO Living Water	rolivingwater@gmail.com
Tashjian Insurance Services	hello@tashjianinsuranceservices.com
The Village Italian Restaurant	info@thevillageitalianrestaurant.com
TOPO Chiropractic	hello@topochiro.com
Trek Winery/Pods Brews	liz@trekwines.com
Ultragenyx Pharmaceutical, Inc.	info@ultragenyx.com
Valley Memorial Park Cemetery and Funeral Home	leia@valleymemorialpark.com
Veterans of Foreign Wars Post 7816	info@novatovfw.org
Zenni Optical	service@zennioptical.com
